study_hours,attendance_rate,previous_score,sleep_hours,assignments_completed,target_pass_fail
1.1293244375395006,-0.8673379065625011,-0.31937426962716603,0.4622954031220601,0.8707675398535357,1
-0.8281939812657637,2.8979212616143575,2.317430516595123,2.2330740668272817,3.012844307019388,1
-0.4958661780072847,-1.4633714275381844,0.01568891067561421,2.050568322414109,-2.438294945899642,0
0.6186865478479057,-1.4886820089403834,-0.339132446541615,1.389235478753294,1.9068740554055639,1
0.2045493960907455,-1.0291051971421241,-0.352192346013022,0.6320366132091344,1.2034967150997107,1
0.8470790099850345,0.11850402877406263,-0.20325402536948142,-0.8219814937897257,-1.4963732745322922,0
-0.22241277845556565,-0.8691910252880388,-0.20777555833625694,0.6628962767849433,-0.8490147498231719,0
1.7808292129666425,-1.3001592789892873,-0.3497183472943337,1.036138081627427,1.1628072174863193,1
0.8029016181456861,1.4300415217176525,0.8833465319673571,0.3535849721421719,0.8656533166813004,1
0.4599290258221443,-0.6312880094042066,-0.0916828780875293,0.6838769553256057,0.042966521765825716,0
0.5055018106114911,-0.7513239521649904,-0.2895494134386645,0.3256004938754168,0.11378213349114996,0
-1.0895930982946527,0.3332077954996542,-0.4066141618902031,-1.7111784145291202,-1.7823800991401157,0
-0.7716283224168784,-1.4518027194490628,-1.5243651820568047,-2.078456104406113,-1.0008997532219652,0
0.19756599017238208,0.2533949252836698,-0.5240759463522034,-1.9076034485138185,-1.6815507685711757,0
0.009291752530912675,-0.27530695562876484,-0.165904324873503,-0.11849378537326605,-1.1633763376907114,0
-0.30353598557719785,-0.630411273218699,-0.4248209009118557,-0.29398293385414687,-1.0516286786785236,0
-0.1145903003079688,-1.655485834624944,-0.1337780735212826,1.8957388597565314,-2.930967933519301,0
-0.669121081112643,-1.6426226972709932,-0.2937544728592493,1.4478741975068545,-2.8098982371023418,0
-0.27532322350543004,2.137721515254729,1.7889943230314267,1.829972850420348,1.671609975900073,1
0.9873088992566251,-0.030137169492526206,-0.11483717890873403,-0.1607247266917764,1.744255355927486,0
-0.022603089444819514,-1.3133616538529602,-0.4628117574132412,0.5419162762918863,-2.149028439945117,0
-2.2344264423142026,1.1260216408204253,0.4582818853337626,-0.5251654464918181,-1.8417792864089417,1
-0.26332190261396393,-0.12013109663852817,-0.1182258886934602,-0.018460548967292434,2.0467782994719124,0
-1.7009935519387536,-0.8357025084314745,0.2727765560848597,1.9415909208989282,-0.5709170596294832,0
0.47887216393183574,-0.9787069153329037,-0.2078386072145357,0.7944507641132277,-1.3305809195992344,0
1.310543824692213,-1.3206327537384133,-0.01026098374390175,1.7891434650189328,-2.116498961557907,0
-0.09662890662322088,-1.8905381763002458,-0.5508576507039702,1.4501454697122644,2.643192930613227,1
0.6799730755167559,0.40361476417217046,0.39999885444949174,0.5210204808897065,0.4087102253118938,1
0.26966935739707076,-1.1085636602593458,-0.1233468736910515,1.2153549420581617,-1.3490987990083219,0
-0.18999438718237946,-0.150533142797995,0.010760812831387119,0.177132249853992,-1.1991186691763274,0
-0.5794632740700703,-3.635603718917286,-0.974381821987379,2.995126731700595,4.674691339541237,1
-1.1555680481057173,-1.6469931059668714,-0.6676449786247028,0.7140117404579328,1.7028010452214046,1
-1.0766605081776657,-0.7801967796090763,-1.0455171605904277,-1.7778874401552847,-1.2407502344549146,0
0.7077155412496205,-1.830756047731409,-0.4993209956880863,1.1420780700581945,-3.174473199627482,0
1.0910461021646674,-0.8035648155088493,0.01601776294070854,1.257456930437753,0.45675445328246944,1
0.2755105623482531,-2.474530491760203,-0.3966446128924026,2.7057151062916533,2.213295474341817,1
1.2987385039437964,-0.8209794677167482,0.03764607855263393,1.2753474215887595,-0.6213621185893177,0
1.4453846895829336,0.4790266870682711,0.7210363824382886,1.440129713992736,2.9042748585022027,1
0.13934259362126433,-0.25751350846406784,-0.6210255311166175,-1.401588585642736,-1.411092158790192,0
1.0235215224656602,-0.28470938020932735,0.20476370525016185,1.0424124206244423,1.030218580869776,0
1.397414703060372,0.4312838012887289,0.6824565830266948,1.3049298805316294,1.2839575507706535,1
-0.9332134076455977,-0.11572939736655807,0.11889598172572925,0.509172746031039,0.2277868489917183,1
-0.30330846193594846,-0.4753315628632231,-0.8338228697832258,-1.6666895520121732,-1.507310182782796,0
1.1077204502817004,-2.043948668077987,-0.0794742839831947,2.9172753732532604,1.9161498260242307,1
0.6442681595093017,-0.3894507139063601,-0.48013370916362486,-0.8108944104590297,-1.2218839776891999,0
0.06368839365161598,1.000445524664774,0.8749839698759424,0.9937027601549433,1.3363812762831337,1
0.9709007319343095,2.3439755715732904,1.2606873060323767,0.02566592711686222,0.7210805469254369,1
-1.6329522805419834,-0.7397132627134829,-0.4493013059075564,-0.12108455341057245,0.21418522748021596,1
0.45353783374517587,-0.2806806511998208,0.4558529544326333,1.679902175039101,0.3604616653686781,1
-0.1335798413052158,-1.0339834079336327,-0.9389393072859894,-1.1013525398314519,-1.0566311089963139,0
-1.684785394820462,-1.6062347783049287,-1.3494235338151532,-1.3612784951450656,-0.8049871968127088,0
-0.13426810335751052,0.28505695791571406,0.8109110595009013,1.8760321635277868,1.3642923197189307,1
-0.316097868436527,-0.35496286241403696,-0.4578178413920646,-0.6711592145985708,0.8720713829953803,0
-1.028674333129084,0.4458935128628565,0.20589270596197773,-0.19425150955688908,-1.5830892470448945,0
-1.5369479600263205,-0.1759621177970423,0.6566554456195746,2.116654870773411,1.062258451007752,1
0.9629655291141299,-1.1803370505475534,-1.5249963547194456,-2.4916721012407406,-1.1786490463000048,0
1.8195730466986555,0.3908002078856967,0.426543528721809,0.6577653880242029,1.1419461724676485,1
0.7251513993817416,1.8166424396870693,1.691149955914668,2.0406058460275824,1.7339579506244496,1
2.222695629135075,0.30554008485130957,1.1012968667067455,2.7183007150282164,2.6612954162135507,1
1.0896648650164613,-1.3300619851534803,-1.107733172672946,-1.1200188805415956,-0.9761828808867014,0
-0.20656716843132902,-0.19443737475032885,-0.0473506770455523,0.21649167169759187,0.9492060685444836,0
0.4914045670194975,-0.66849809322615,0.053374291290710515,1.1160084265622539,-0.2548958822466775,0
-0.7820176369076074,0.10170604714371001,0.28700069281830076,0.6660981472213046,0.5366325705368944,1
-0.26918613168138894,-1.2936597643167644,-0.6760893420779948,-0.024032127044200546,-1.4242999315234406,0
-1.237820944087116,1.9630769476990233,0.9777850398781422,-0.2032054047413585,0.41309464742711177,1
-0.34297582830262907,-1.3836821554954872,-0.4505058888920951,0.6998850768345588,-1.815586972332118,0
-0.4064928766962619,-1.4072458757588868,-0.08779686212630265,1.708665548017172,-2.0640301403607184,0
0.29662831967617553,-0.5623526123976983,-0.2638045419338984,0.04789462422591817,-1.0023223131907617,0
-0.8763186679741813,-0.5783630485276873,-0.037917708516962134,0.7520369911352628,0.036110428671378925,0
-0.26139992495512276,-0.26035924238508545,-0.13926080212991976,-0.0645795567176114,-1.1103297483829164,0
-0.6174466124590982,-0.5650588122499978,-0.6907992987658689,-1.1433175392763801,-1.493488443847932,1
0.4483902936158614,-0.14447451750857132,-0.7839471334980369,-2.03207151668171,-1.7225549347119802,0
0.36265562225116893,-2.3146023267294815,-1.4790712621882438,-0.6380248395626796,-0.29031133726219893,0
2.9650103517207222,-1.8601931365449524,-0.5183134767842006,1.4889042245092394,2.5584629233878093,1
-1.5914046474962884,-0.40641382147545146,-0.22326506096220197,0.009872640018553702,0.31213235504840187,0
0.5642773880267363,-1.3211167004882383,-0.418220226415903,0.919481151210938,1.7968956271267404,1
0.7225400802900771,-0.5186745271620227,-0.06123656234783243,0.6269085375022116,0.4644154712978277,0
1.8119801241348714,-0.9850377714756581,-0.3942286338868337,0.4784580316951308,1.6247469564945334,1
-0.9384679102058486,-0.052628859836943875,-0.21110635805160002,-0.5805114527559836,-1.3281124681680276,0
1.214509285305348,-2.8978916362716127,-1.9846429035282416,-1.1405967478848706,-0.031351511497159645,0
-0.8711337640375167,0.42792816781358,0.05671008881214799,-0.5801792234629233,-1.671619361487706,0
-0.7080788661941414,-0.7772578035181796,0.2813880329621477,1.9284346228258984,0.22918922155604982,1
-1.5868117155950892,2.730313690322312,2.5995339805693667,3.263633321601161,3.234973959954177,1
0.4016255054914734,-2.2983300382426917,-0.42325541723167764,2.4030765031918735,2.6957421549025202,1
-1.6504912100377618,-1.339023390289626,-0.750985773942487,0.021426076940056937,1.5266902482753373,1
0.49963710112595733,3.284240978802265,2.5885876464233197,2.359415117813771,2.312197073933958,1
-0.13091597276974928,-2.254992864908984,-1.5122402134661803,-0.823901266123862,-0.4106773001294254,0
1.046920127650012,-3.4055908582264887,-2.927507631697251,-2.9755107502969667,-0.2237052391594916,0
-0.30090401936135913,1.0288730172072837,1.360431123282468,2.372709528977618,2.8974705096064755,1
0.11453336621546396,-0.4676250110587783,0.23156631142173026,1.3049582430892424,-0.2676468954848785,1
0.4013436270247898,-2.4168594507557106,-0.5406641625270905,2.258691344621038,2.7122968270203245,1
0.12049995878930102,-2.2167521571150224,-1.3214539927597926,-0.35620181018405905,-0.35127605667330175,0
-1.0349548645321327,-1.443202031129299,-1.0896986823231223,-0.8964428775799116,-0.8556125047034526,0
-0.5604481514895242,1.6205367123993,1.923324496333811,3.050082603194472,3.1354702947409994,1
-0.969199610313766,0.3004846398327521,0.5733958195940216,1.1881038646557902,1.0856315734888278,1
0.7471652242595813,0.5169238026051599,0.7343603129728374,1.3084427958976244,1.0946198505131992,1
-0.19795312656833047,-2.167367266334937,-1.1382738192054027,0.23991553449244218,2.3809619852733688,1
-0.6507135373450895,-0.1333880121845975,-0.6846338611236943,-1.7729139077807283,-1.6482709901884882,0
-0.5887635362067958,-0.4356640180617255,-0.12272467441904121,0.24036982537007856,-1.090602706358518,0
0.35555062967435275,-2.1122672403746723,-1.2302891187074614,-0.2674357205111384,-0.44448239646218124,0
-0.27239597049980896,0.4215880778931258,0.15626098127960134,-0.20057949871317082,-0.07882864169107906,1
1.552561815489642,-1.0690712195321623,-0.9226203823534926,-0.9993660730922732,-0.9645118545693193,0
0.3749779383397089,-0.3916594668498298,-0.341933483107818,-0.2769014635004401,1.2595402175044517,0
0.32380012760594523,-2.3434336234011943,-0.2085445066961843,3.03551415182946,2.3762067918492304,1
-0.16396087960192127,-1.2917170585792173,-0.7953124514091812,-0.3094485217635048,-0.7356055334848254,0
-0.2300564355963827,-0.18280011610430236,0.19006865404886852,0.840600802487781,0.846488284571959,0
-0.014289031389968827,-0.7727928912565649,-0.2098444051253022,0.5379066143662417,-0.479970378750064,0
0.06749853587500881,-2.7848633292104368,-2.0208807289513775,-1.4145603390375987,-0.16639421347861838,0
-0.9842723752925036,0.8965208538107138,0.7061106598938708,0.6823832175697924,1.2722101111220043,1
-0.025389046384487156,-1.7646885066386986,-0.49852431520724233,1.0380071351942821,-3.316142234297635,0
-0.8851634989998477,0.8122012583436187,-0.758342529348635,-3.412748575509622,-2.3549330032865905,0
1.3172782267311858,-1.0307372101058159,-0.5795854807371021,0.07940636686281888,2.2566701193117087,1
-1.9121031610848602,-2.3180585093360437,-0.8046636824094513,1.2953581074780312,1.139825177977574,1
-0.4489208276097959,0.9255922073900997,0.42181022668067936,-0.3297899385345108,-1.855017943625806,0
0.32324576290897944,-1.1286017019142605,-0.24054271061545807,0.9272960509821806,-1.31567211939713,0
-1.6853109387619405,-0.6156334599177109,-0.2502563620169836,0.19498005447944722,-0.49351278106039564,1
0.8978885387603418,-0.497637580986109,-0.07050837098487178,0.5767639018749243,0.5641944392287472,0
0.3192233421955466,-1.328291330070587,-0.21907715076453932,1.4291558544053313,1.0844953576645302,1
1.1218531894268484,-1.44789873203995,-0.21276609758290774,1.3955445568664107,-2.583704800044786,0
-0.36952161682223,-1.816793716922963,-0.5907726138854187,1.2156322063523066,2.3714029994440833,1
1.2492017674875335,-0.5354606364351207,-0.03831343973894933,0.679270963283481,-0.09937483976294914,0
1.0730873454103131,1.9654127680808848,0.8722002946467121,-0.6713471112199239,-2.438429308197545,0
-0.08613844548336394,-0.4236929745914426,0.05906698133974465,0.8208280275081336,0.5592035778639797,0
0.9505027552826248,-0.99429117277665,-0.34337323158397315,0.49818088300917096,-0.5162400733310764,0
-0.9337222527402227,-0.39549648027008666,-0.7862206883490898,-1.6473659688119886,-1.390302737485412,0
1.06240150987512,-1.7816335922489004,-0.14543416656899677,2.291947879060632,0.9733009686356767,1
0.777016095757289,-0.40978894535841237,-0.10232484120067893,0.350983471973931,0.41262448565114207,1
-1.1567442250519486,0.40208546064339745,0.6530708735133927,1.3001325113449593,1.8050608779863213,1
-0.03088763557158007,-0.10886647077225853,-0.4780170157330246,-1.2353502594545895,-1.4849050947779228,0
0.2765691525949277,-1.168484790080263,-1.4330273340245268,-2.2546244018588295,-1.1196380954715044,0
1.005142573278018,-0.7594001579227783,-0.913599462301278,-1.4488692171420938,-1.2431953998350673,0
0.9888827373090182,-2.4232488920728956,-0.16460567999326858,2.8224061198181607,-4.8981751854563225,0
0.5647010625361558,-1.3201499271239223,0.217159365106008,2.4199202361130436,-1.9369721967271847,0
1.2061533956705917,2.8209583956610773,1.9135799427819966,1.1060770941910618,0.7710723319783248,1
-1.5558986504898955,-0.32881984884812654,0.011003791899822543,0.5725018811872571,0.9262923386151333,1
-0.2526856880009639,1.2803034508122626,1.057401977741672,1.0586946766282708,1.0175745785457009,1
2.328619008421566,0.2246512409523339,0.3623463960801783,0.7084401053782621,0.8301591897324678,1
-0.03368652690871602,-1.076349348441933,-0.15902215696131836,1.1601338291361325,0.09733346549051058,1
0.37428005557730587,-1.6079618103076088,-0.5517431449420178,0.9793139955644936,1.8112920598448754,1
-0.7008316788660857,4.304434533332298,3.4180816436630406,3.160387067409281,3.010928633224665,1
-0.11073342908069587,-1.5717557165665341,-0.3259136426017745,1.5354256716228059,1.7063633169347967,1
1.0858663418678058,-0.059317099306108734,-0.4649052616362362,-1.2771845923954206,-1.5575838925314858,0
-0.0497665096490848,-1.476252055210271,-0.042552292478970945,1.889514914407455,-2.780183284610179,0
1.0890099817847738,0.40447051281969326,0.3507847230986508,0.258767313003089,-1.6368754227983944,1
-0.9443687775430526,-1.1951330022931164,0.049232914338218504,1.7771018950641246,-1.941982468493109,0
-0.600973963003361,0.25790115248307854,-0.9272436272480223,-3.026012982975122,-1.8749976245734588,0
0.8731585486191489,-2.6294897806287976,-0.8101075499546998,1.8992458573365902,3.7108324816597342,1
0.3920845297008694,2.472348268298399,1.7823442386633843,1.3217166088495813,1.7288073064701264,1
-0.7408324079677024,-0.7517069430528653,-0.584602759244463,-0.46943446994034255,0.2631970024886312,0
0.38397155254686227,0.7632488219330075,0.9473334408015908,1.5008785112676781,0.6890592450880053,1
-0.5509481144654271,1.2651582241274042,0.3400068175088637,-1.068480099742051,-2.0906137704709744,0
0.3406000190998585,-3.1684578895347766,-1.7736706042909662,-0.153143050039802,0.17525809121229097,0
-1.8240698738929368,2.5428240616125017,2.3216192949350867,2.7339761472687334,2.4579111136027887,1
-0.3541076414479869,4.253483751656538,3.4284904123489928,3.268101812775065,3.078003911743116,1
-1.3582711967233527,-1.225266044281494,-0.14110995842739804,1.3487635520344892,-1.1925818260001402,0
-0.2914899789934903,-0.6799045286205196,-0.3070844299948162,0.18641451033908274,0.339875816568568,1
1.631125852281872,-0.4375031662438731,-0.28887421891049925,-0.21349559589868938,-1.1446654587667822,0
0.5754686674944302,-0.332443872788297,-0.7150237793740549,-1.5623019092056762,-1.6506498751459584,1
0.1392154086449031,-0.6747874673520016,0.0716022559670356,1.2657014467834413,1.208839387954202,1
-1.278022583436376,1.3221230718506063,0.8602603024424773,0.27444222721588907,-1.9648364935969123,0
0.648636334720961,-0.5583824640418553,-0.26520597333539925,0.10397067618747091,0.0589576376343548,0
0.6233098066546038,-0.35043583608543893,0.3355905794574199,1.4590485144377627,0.42979567704898436,0
-0.8383874911178852,-0.8834562645086673,-0.25820961150677296,0.6218289620771809,0.3689462498314243,1
-0.7349104144777995,0.08826204973567842,0.3338177204191155,0.7821347122187976,0.02813548826128054,1
1.7816250904253672,-0.3929409874421168,0.08449548547262226,0.841142919350838,0.49976251105419567,0
-1.031576246870158,-2.4109927009875958,-0.42680648041833136,2.571898458541516,2.8943010673732164,1
-0.9171598051960359,-1.611634330341136,-1.1033319464122795,-0.6715993161906753,-0.6368825717225645,0
0.5510373022425374,-1.1293915758112427,-0.7015292726762473,-0.27124674538944094,-0.38298588030412994,1
0.9957522366813559,-0.3112478835117538,0.3030657828449422,1.3344832947770824,0.7843743540342207,0
-1.0307175028015232,-1.7367514065674339,-0.32924630263473253,1.5013744606152075,-2.6250607153774226,0
0.4525348918213347,-0.9692935044424165,-0.5765480487353396,-0.19473446711291753,-0.8386208005206772,0
-0.6829923303511227,2.2112291993540794,1.770416165022613,1.6767130589438497,1.7662043991318745,1
2.47227946227266,-1.163941477351718,0.3043986248892289,2.455962237938962,-1.4767526336968233,0
-0.9503481831017347,4.545474882434641,2.9438779522989806,1.4517797980168399,2.051251643474468,1
0.3932631513836775,-1.143261513421316,-0.5005826711139165,0.39689213362351605,1.2233572132846275,1
-0.2523800434644497,-0.627582292404959,-0.9386831686616436,-1.7216177623815117,-1.402321560010076,0
0.6353969322148971,-2.2885389752383327,-1.6866543746426055,-1.2470113897205324,-0.3594451243147908,0
0.5644029878932662,-1.449782721246938,-1.3231252554010278,-1.523976005858044,-0.8635462437693056,0
0.9328790843286214,-1.2891219476442897,-0.5359691789358787,0.6077434712500493,2.7114147288043964,1
0.5530732764404795,-1.8253931869093578,-1.0675976887190426,-0.23174418229769111,-0.20064182181363344,1
-0.6881596901002726,-1.3082599243821593,-0.09989135955430535,1.5376875041632105,-1.9342138153621713,0
-1.245766059099699,-1.9732714291444027,-0.6062922542515312,1.4508109566938732,3.124630709980396,1
2.402026281835456,-0.6787468770774958,-0.04907133776561495,0.8696083867800388,0.034576194916763336,0
-0.17901196711748543,-0.15803223300409563,-0.28951159459118136,-0.41085657569463185,2.3522978210643113,0
1.224584437626143,1.254261219949008,1.0854939672132886,1.153627190787472,0.6928957000693832,1
0.7513759870759458,2.104170597287791,1.461383187434703,0.9179939348780004,0.5772561460364694,1
0.8072931248110842,-2.4691489190988416,-0.8679103178382594,1.5028748571081243,3.6761194328679667,1
-0.5022557161941238,-2.117326081168554,-0.47954373993958893,1.995268898702571,2.9017617708749244,1
-0.28394181088253484,-2.7297133125570707,-1.2982673192360716,0.4318706776137251,-0.8665435486043525,1
-0.6856102810818078,-0.5701368699346636,0.014841734991848904,0.979277489376425,1.5767570791102261,1
-0.7985453156061825,-0.17682362570444943,0.18053497202325489,0.6782091269708053,-1.212427538219306,1
0.6684079609423651,-3.059959816897525,-2.421187372148391,-2.099525503613383,-0.14752950416090638,0
-2.0951575226799855,-0.7586350491217231,-0.3598025411277174,0.12586358972667433,-0.19099202372191493,1
-0.15922387809671018,0.287554578280227,-0.1166819816007756,-0.7607532240096251,-0.29450761496242883,1
-1.3919963371880102,-0.019146187763393496,0.11082708023615939,0.33062366236089324,0.0009665914822022392,1
-0.8705726162617562,-0.10574639395841379,0.031315686758204564,0.24493000436835344,0.05653741710273241,1
-0.25925044258022556,1.6408490064644452,0.6918369517197812,-0.721183207410635,-3.0299249384363733,1
0.04838511828580344,0.7280465587474108,0.30527249871110396,-0.3452300078771201,-1.677066390048759,0
-0.6346050352933568,-0.6862403723853456,0.15918535754790916,1.4268673524923876,-0.31866142450798474,0
0.17927460442668408,-1.2880433885031684,-0.4892274753673777,0.6599280318662419,1.5214667432091373,1
1.5145175625895815,-2.08219075434938,-1.2244515537207814,-0.37993187077309365,-1.8010167004171258,1
-0.27689883979637814,-0.2458772343366621,0.09766622924555388,0.6808411013155055,0.8342909456922243,0
0.5699503053413824,0.2677416197085878,-0.12936166900928575,-0.8448520564362361,-1.5653446667667579,0
-0.5727684245485258,-2.3826370924049862,-0.48726834462919155,2.354985366263424,2.7304638627645574,1
1.5339781208495669,2.7493162702946305,2.496511270018104,2.963477107969569,3.3787245111580737,1
1.233686921376036,-1.1244701851175072,-0.24749750850920538,1.0686962963782385,1.371051005746355,1
1.1494197282637149,0.6502887967355764,0.23437345705514953,-0.3259903248499525,-0.09653534535527153,1
-0.1053919254373263,-1.7010560502991579,-0.5233454308856044,1.2109887999744258,2.0836124172036037,1
0.547215938057004,-0.6577285246463829,-1.1016264672926375,-2.1210017935767826,-1.3922273439421118,0
-0.5292982375462199,-0.768920840453171,-0.5564382207592536,-0.24340376388398988,2.2614121184246225,1
0.3968386658488053,1.1407492429077277,0.792990818985963,0.4829116710817368,0.04289270348390972,1
0.4033900233540776,-1.1727561392034085,-0.26425957513314724,0.974448231760628,-0.5618053271026775,0
0.07420621380015535,-0.922232797285929,-0.3621500083921082,0.3406329244468598,-0.5166191187215085,0
0.4492284349197454,-0.11026461395489384,-0.9706015048407727,-2.588971512536091,-1.6784754000258273,0
0.7533257603772413,-2.014014087777703,-0.5316492789589647,1.685724010959543,2.659700135402721,1
0.23947746170589657,1.7224881266521797,2.166999836131241,3.594979380032996,3.6292541031664696,1
0.8004982417659725,-0.48655483306599645,0.10409214224512893,1.0117337997502247,0.16131473205803715,1
-0.5710047196395732,-1.232649103379531,0.09894122343517314,2.000723597122189,-1.4145423035095748,0
0.6075143271495044,-1.6238524705636301,-0.31038929388718156,1.3803931398091072,-2.7197273879337622,0
-0.4449833213738596,-0.5863098304622467,0.0689723149352877,1.0516478605331825,-0.023465578265867704,1
-1.8643315283090947,-0.8631565090680986,-0.04870796834710205,1.207466045098322,1.0806736491702635,1
1.2225009148868804,0.08417475989328849,0.22400609783065198,0.4094057924635155,-1.2502966096516799,0
0.520664420534209,-0.590328130921782,0.14714352962387103,1.2581401936321135,-0.2280208817870617,1
0.471961333246609,3.029631563676768,2.2537267719404226,1.7814286926178378,1.6641209861786763,1
-0.9016007460355724,-0.9540600885760878,-0.4132691609327936,0.3539046703270877,1.190364705684682,1
0.5248887786639505,-0.5669275539521164,-0.09250440939652274,0.6039992149882931,0.32236626849832795,0
-0.17303487869691783,-1.1239820024028748,-0.17103506514208514,1.1195872690758604,-1.1623306810978222,0
-0.01993539524581029,-0.6916768204483135,-0.25476635705419676,0.36927513603350204,0.7075103809212037,1
-0.40328950197312036,-0.8786488022431194,0.12947089279643365,1.5840348703171077,-1.0550790659553673,0
0.7730831891775268,0.7308322650877543,0.9880584728509204,1.7516155560156577,2.1710553505601276,1
-0.3268807796796516,-4.660857637389899,-3.241547163857496,-1.9254117665815775,0.6625125208877454,0
0.6489242105069956,-1.0141075590471125,-0.7033921626149119,-0.33497351357556493,1.4154308414863892,1
0.6814450803572858,-2.2213618092882257,-0.6324899993653252,1.7684935245038353,3.4982514308071297,1
0.37972618694012367,-1.2083758048994897,-1.0311183695909412,-1.0888893323827356,-0.9494723425797086,0
-0.6875434513395914,-1.3118638399885514,-1.088063540140313,-1.0931824431004482,-0.975734508116819,0
0.22228271745828398,3.074212152955897,2.323003501181098,1.9803093698333172,2.8854557214768732,1
-1.253808233793257,-0.48478174289069176,0.26804357583136457,1.4489334454318974,0.041599213504389554,1
-0.9372280488338227,-0.41581124563581384,-0.6042591097255248,-1.1272033041538485,-1.4898589581873436,1
0.37213139109316096,-0.8697128604940132,-0.4164974839712821,0.14369469008659586,-0.05190670091352856,0
-0.5789632551941708,1.8482992635386013,1.3394030994976582,1.004641809235288,1.2537394502908996,1
0.35792572869176864,-1.9078624497680252,-0.39441923539855894,1.881540844844482,2.305858583039653,1
1.4594936033835215,2.3945682819827736,1.848154723949525,1.5793814303686116,1.1380817734840356,1
-1.6437407155880577,-2.9292102772594326,-2.308989304973521,-1.9967839949086255,-0.3158289413520272,0
0.5243627472529105,0.135674692873762,0.7816390288158336,2.078474177442402,2.3635719036948197,1
-1.296375919263842,2.605821938164815,1.5206664751185857,0.3653923334300859,0.9928025364256576,1
-1.2931453236461579,-0.5376242928271107,-0.43598118541442815,-0.46709373020616207,-1.144962865356458,0
-0.6033235652217123,0.25600521095690887,0.8536587360846547,2.103035770104227,2.4543049050964836,1
0.19541028499663293,-0.7274379458316402,-0.3423141616939054,0.1291265447510267,-0.16547226885994104,0
0.5328598928134587,-0.9827768020391754,-0.07884194728029112,1.2613632956814667,0.42907267203725685,1
-0.7108719304112411,-0.46797862140284663,0.14717422035546163,1.1248952223389193,0.5332565092429842,0
0.16047620699884568,0.9936236485620557,1.0293976004203507,1.4143456468877658,1.1647129202330584,1
-2.100918861451918,-0.18750171896438217,0.056230683389609445,0.35584550122024194,-1.196846885605547,0
-0.02417697709812966,-0.8550964886067782,-0.09393352570643133,0.972943796252108,-0.5214114938489471,0
0.30762075545105183,0.8725102586986029,0.4161970278180383,-0.25664105390054703,-1.691177994108668,0
-0.17774032148740596,-0.6847901020435919,0.04156449399418543,1.0665030950443584,-0.9218683896204223,0
2.9377528471677734,-1.2692124747988451,-0.5687026769737633,0.28718958485506585,-0.5470379957756841,0
-0.7573995168983091,-1.2310472017062921,-0.46965150929420096,0.4330949540389767,-1.6443207488948506,0
1.4351815491900517,1.976701710704396,0.3392793893616517,-2.1560333502215654,-2.6693970664529205,0
1.1261170260153806,2.3089779067351683,1.7127881310073307,1.3114809101114093,0.7360408125872144,1
-0.08952261024790559,-1.1411883558336449,-0.9277584995966842,-0.9028852896763032,-0.8982492708900769,0
-2.249095728055939,1.3092903055384522,1.0992714421962206,1.1920447141272936,2.016620442459854,1
-0.02892488417486995,-2.2913263843720846,0.0015950819347167924,3.0844159693402857,-4.845551450606566,0
0.40119221632689,-0.403081510851268,-0.2286021643369527,-0.08309208083109199,-0.8739727924918195,1
-0.07514416681001679,0.8272214705922396,1.023597428064287,1.6946023716149041,1.981268374750612,1
0.2677512243644622,1.5977304759746378,1.3744588103526718,1.470252912555526,1.259097317642193,1
0.235199828854701,-1.2410190776560128,0.10163254679503086,2.1637754865799947,0.8992846963035261,1
1.6233965622990456,0.9580739091076572,1.3158552212351424,2.2845379043039644,1.7511887108374702,1
-1.127827220501306,-2.0637359823641575,-0.37978369160034164,2.146658263999553,2.2290470316341606,1
1.289756528375374,1.5058016888275665,0.27437183921667235,-1.616932969639174,-2.3230389307738126,0
-0.7318770856302171,-1.180071429764153,-0.18525682583738146,1.1718384515796394,-1.028377277110354,0
0.1696937923520195,-0.3657941045881603,-0.7277521768512414,-1.5254384239849268,-1.2893727887931117,0
-0.1888966877844753,1.519099487393135,1.0113058925702874,0.5342764174183909,0.26884492612335087,1
-0.49346281636401584,-1.3687044473913992,-0.2730116649626266,1.132424103120907,-2.2923603853235823,0
-0.22940260273035226,-1.3082448176099082,-0.3574286875047565,0.8185525029827181,-2.2020154270970353,0
1.3768034928789294,-0.6909672376181881,0.040258851523101706,1.1464977592184527,0.2796248587364065,1
1.660136953448242,-1.3190976744206586,-0.20726412491829763,1.2369669464437287,-2.318557073442742,0
0.7214662737850742,-2.404257562650649,-1.045337540400834,0.6952689467162043,-0.0018249517590912534,0
0.633267502303576,-0.4997326168585777,0.20922844248128294,1.2899561086988238,-0.29080676066319966,0
-1.093628946063395,-0.3634695077422013,-0.004559605031185331,0.5763109816526342,0.8479573262895015,0
2.182507024177087,-2.125592384966322,-0.7830369524854949,1.1989640923905485,3.2145562235626497,1
-1.5327958522623455,0.23865955934398553,-0.3298555280568797,-1.3386205992670832,-1.4000311915615047,1
0.9501454709988318,-0.25512928030171644,0.1546178288805787,0.7660180835673907,-0.51864840820954,1
-1.2272597809208574,-1.2786016087722125,-0.2792651714409666,1.0256418695556553,-1.595110036566907,0
2.0017371025301354,-0.8502232054944899,-0.269579540550472,0.5900496472801994,1.1478999381412338,1
0.037660233167937734,-0.3740130310665273,0.10423449198268729,0.8746994599193235,0.6229938888661657,0
-1.5527270678160376,-1.1850241719094488,-0.8356409954447213,-0.5813954183600107,-0.8088469505432683,0
-0.4542442751532624,1.4789622001518057,1.2473662581954115,1.281242121552792,0.9760644115551131,1
-1.1469586287334392,-1.8770734199479246,-0.6334244825833815,0.8476552645350428,-3.1250893121616152,0
-0.7001158732050082,0.35086391530872696,0.08537253599409575,-0.37679238405748516,-1.4858367090784899,0
0.21159497038039327,-1.00486528966225,-0.05462828216461877,1.43177861630419,1.5875509227595632,1
-1.2298693782408145,-0.9060484623362075,-0.01044854918842306,1.2507852875123093,-0.9258577506414408,0
1.8466265008304728,-0.06650563431029854,0.5934576117969228,1.7890077656566468,1.1626882801173015,1
-0.15673039822252585,0.39284551707062865,0.2877256345326565,0.13979639491927232,-1.0575542754425262,1
-1.0626327774161015,-1.0205407599642762,-0.07584560255744288,1.2236084341192486,-1.2113632375847472,0
0.25417389224620207,-1.1594357418419667,-0.11185913663775848,1.5225045982388117,1.891164661373952,1
2.0034072671821046,-0.3849777282001797,-1.1490235018131492,-2.67033032608932,-1.6772567254879227,0
-0.0868447771301917,-0.06241787693826073,0.050645592741059106,0.2477585648749091,0.2828211682886753,1
-1.5618068613954716,0.21182885840663057,0.24571696018885678,0.3196118725841113,-0.6159306329462038,1
0.059142122272422416,1.6895796397741316,1.6080069918374933,2.0235219812537797,2.0933339666465596,1
-0.050422851721487694,-2.5210876295512668,-0.4216674704076101,2.7436917986938605,2.819362294900316,1
